county_fips,county_name,state
21221,Trigg,KY
21231,Wayne,KY
21229,Washington,KY
42099,Perry,PA
42121,Venango,PA
40061,Haskell,OK
17097,Lake,IL
20005,Atchison,KS
02020,Anchorage,AK
40133,Seminole,OK
54057,Mineral,WV
27013,Blue Earth,MN
31019,Buffalo,NE
21083,Graves,KY
51003,Albemarle,VA
48211,Hemphill,TX
29205,Shelby,MO
29033,Carroll,MO
47045,Dyer,TN
46099,Minnehaha,SD
19037,Chickasaw,IA
36099,Seneca,NY
27043,Faribault,MN
31125,Nance,NE
39099,Mahoning,OH
28017,Chickasaw,MS
17065,Hamilton,IL
48175,Goliad,TX
21059,Daviess,KY
28133,Sunflower,MS
12087,Monroe,FL
48441,Taylor,TX
27107,Norman,MN
47067,Hancock,TN
05053,Grant,AR
51143,Pittsylvania,VA
35049,Santa Fe,NM
23023,Sagadahoc,ME
22107,Tensas,LA
55011,Buffalo,WI
18123,Perry,IN
45047,Greenwood,SC
04009,Graham,AZ
45037,Edgefield,SC
54031,Hardy,WV
39129,Pickaway,OH
39173,Wood,OH
28103,Noxubee,MS
38079,Rolette,ND
30067,Park,MT
49001,Beaver,UT
39055,Geauga,OH
33003,Carroll,NH
38007,Billings,ND
42035,Clinton,PA
13183,Long,GA
29149,Oregon,MO
12053,Hernando,FL
31147,Richardson,NE
51113,Madison,VA
26009,Antrim,MI
19111,Lee,IA
20039,Decatur,KS
51570,Colonial Heights,VA
12023,Columbia,FL
17063,Grundy,IL
21073,Franklin,KY
08009,Baca,CO
37015,Bertie,NC
20007,Barber,KS
36021,Columbia,NY
26165,Wexford,MI
49019,Grand,UT
48141,El Paso,TX
13263,Talbot,GA
36041,Hamilton,NY
47139,Polk,TN
46129,Walworth,SD
47101,Lewis,TN
21177,Muhlenberg,KY
20145,Pawnee,KS
48039,Brazoria,TX
37181,Vance,NC
13161,Jeff Davis,GA
48069,Castro,TX
06095,Solano,CA
21147,McCreary,KY
20103,Leavenworth,KS
01001,Autauga,AL
23001,Androscoggin,ME
45027,Clarendon,SC
18157,Tippecanoe,IN
16005,Bannock,ID
17139,Moultrie,IL
35039,Rio Arriba,NM
26125,Oakland,MI
37129,New Hanover,NC
37117,Martin,NC
02188,Northwest Arctic,AK
29129,Mercer,MO
42069,Lackawanna,PA
29139,Montgomery,MO
31061,Franklin,NE
13187,Lumpkin,GA
12063,Jackson,FL
42009,Bedford,PA
45091,York,SC
36051,Livingston,NY
24013,Carroll,MD
39065,Hardin,OH
32003,Clark,NV
13039,Camden,GA
20175,Seward,KS
05117,Prairie,AR
24035,Queen Anne's,MD
13273,Terrell,GA
22087,St. Bernard,LA
42127,Wayne,PA
47165,Sumner,TN
16059,Lemhi,ID
53045,Mason,WA
18127,Porter,IN
50003,Bennington,VT
55049,Iowa,WI
37065,Edgecombe,NC
21021,Boyle,KY
41001,Baker,OR
39145,Scioto,OH
51720,Norton,VA
29225,Webster,MO
28007,Attala,MS
05007,Benton,AR
39119,Muskingum,OH
17173,Shelby,IL
18063,Hendricks,IN
26115,Monroe,MI
36105,Sullivan,NY
06061,Placer,CA
08061,Kiowa,CO
41043,Linn,OR
48195,Hansford,TX
29075,Gentry,MO
48239,Jackson,TX
47131,Obion,TN
46037,Day,SD
46065,Hughes,SD
51183,Sussex,VA
39035,Cuyahoga,OH
28081,Lee,MS
48505,Zapata,TX
35021,Harding,NM
48269,King,TX
30037,Golden Valley,MT
20209,Wyandotte,KS
48005,Angelina,TX
54095,Tyler,WV
51840,Winchester,VA
48131,Duval,TX
48293,Limestone,TX
27171,Wright,MN
28039,George,MS
08125,Yuma,CO
51775,Salem,VA
29169,Pulaski,MO
37095,Hyde,NC
42005,Armstrong,PA
55099,Price,WI
18085,Kosciusko,IN
21157,Marshall,KY
29119,McDonald,MO
48305,Lynn,TX
38045,LaMoure,ND
01011,Bullock,AL
31145,Red Willow,NE
55119,Taylor,WI
19165,Shelby,IA
54039,Kanawha,WV
24023,Garrett,MD
13123,Gilmer,GA
05017,Chicot,AR
39109,Miami,OH
42073,Lawrence,PA
08005,Arapahoe,CO
29215,Texas,MO
39139,Richland,OH
51033,Caroline,VA
22055,Lafayette,LA
12115,Sarasota,FL
26073,Isabella,MI
19175,Union,IA
13105,Elbert,GA
17117,Macoupin,IL
13249,Schley,GA
46035,Davison,SD
37159,Rowan,NC
34035,Somerset,NJ
51069,Frederick,VA
29097,Jasper,MO
17035,Cumberland,IL
31073,Gosper,NE
08047,Gilpin,CO
17161,Rock Island,IL
26145,Saginaw,MI
06031,Kings,CA
17001,Adams,IL
28069,Kemper,MS
21093,Hardin,KY
19141,O'Brien,IA
22117,Washington,LA
29003,Andrew,MO
29025,Caldwell,MO
01021,Chilton,AL
40125,Pottawatomie,OK
31099,Kearney,NE
54049,Marion,WV
21167,Mercer,KY
34025,Monmouth,NJ
28047,Harrison,MS
31031,Cherry,NE
30017,Custer,MT
12127,Volusia,FL
12125,Union,FL
01113,Russell,AL
30111,Yellowstone,MT
56001,Albany,WY
55003,Ashland,WI
22045,Iberia,LA
48165,Gaines,TX
48325,Medina,TX
48433,Stonewall,TX
32015,Lander,NV
26155,Shiawassee,MI
13293,Upson,GA
54023,Grant,WV
38087,Slope,ND
56031,Platte,WY
15005,Kalawao,HI
05061,Howard,AR
51530,Buena Vista,VA
54103,Wetzel,WV
31159,Seward,NE
36075,Oswego,NY
13227,Pickens,GA
40103,Noble,OK
22099,St. Martin,LA
38015,Burleigh,ND
19013,Black Hawk,IA
44007,Providence,RI
18033,DeKalb,IN
47037,Davidson,TN
51678,Lexington,VA
26085,Lake,MI
40017,Canadian,OK
47009,Blount,TN
36085,Richmond,NY
48377,Presidio,TX
13169,Jones,GA
26001,Alcona,MI
19047,Crawford,IA
27023,Chippewa,MN
47093,Knox,TN
48205,Hartley,TX
56003,Big Horn,WY
40071,Kay,OK
26055,Grand Traverse,MI
17203,Woodford,IL
37055,Dare,NC
37193,Wilkes,NC
47059,Greene,TN
32027,Pershing,NV
27053,Hennepin,MN
18097,Marion,IN
20047,Edwards,KS
30081,Ravalli,MT
48111,Dallam,TX
51169,Scott,VA
20111,Lyon,KS
21137,Lincoln,KY
37125,Moore,NC
51047,Culpeper,VA
12039,Gadsden,FL
38101,Ward,ND
13303,Washington,GA
27077,Lake of the Woods,MN
05083,Logan,AR
40027,Cleveland,OK
29045,Clark,MO
25007,Dukes,MA
20081,Haskell,KS
45085,Sumter,SC
28111,Perry,MS
17147,Piatt,IL
48101,Cottle,TX
19077,Guthrie,IA
05125,Saline,AR
21201,Robertson,KY
13031,Bulloch,GA
24003,Anne Arundel,MD
31181,Webster,NE
55109,St. Croix,WI
20017,Chase,KS
05147,Woodruff,AR
36011,Cayuga,NY
41013,Crook,OR
45061,Lee,SC
21013,Bell,KY
48399,Runnels,TX
53037,Kittitas,WA
39003,Allen,OH
47005,Benton,TN
37045,Cleveland,NC
47123,Monroe,TN
26021,Berrien,MI
22025,Catahoula,LA
48479,Webb,TX
48047,Brooks,TX
34013,Essex,NJ
01085,Lowndes,AL
53063,Spokane,WA
41035,Klamath,OR
08085,Montrose,CO
27151,Swift,MN
29183,St. Charles,MO
18167,Vigo,IN
28077,Lawrence,MS
18021,Clay,IN
38057,Mercer,ND
19101,Jefferson,IA
13059,Clarke,GA
01049,DeKalb,AL
20167,Russell,KS
19189,Winnebago,IA
55079,Milwaukee,WI
21103,Henry,KY
30027,Fergus,MT
38037,Grant,ND
37087,Haywood,NC
30101,Toole,MT
30091,Sheridan,MT
37059,Davie,NC
51137,Orange,VA
27087,Mahnomen,MN
30003,Big Horn,MT
27141,Sherburne,MN
08111,San Juan,CO
39075,Holmes,OH
56041,Uinta,WY
31137,Phelps,NE
28145,Union,MS
10005,Sussex,DE
40081,Lincoln,OK
16025,Camas,ID
27101,Murray,MN
47173,Union,TN
46075,Jones,SD
39045,Fairfield,OH
51009,Amherst,VA
29089,Howard,MO
37151,Randolph,NC
50025,Windham,VT
13097,Douglas,GA
35011,De Baca,NM
40007,Beaver,OK
01075,Lamar,AL
37025,Cabarrus,NC
29067,Douglas,MO
26065,Ingham,MI
31095,Jefferson,NE
48013,Atascosa,TX
46085,Lyman,SD
53007,Chelan,WA
25019,Nantucket,MA
30047,Lake,MT
28159,Winston,MS
01051,Elmore,AL
26043,Dickinson,MI
51099,King George,VA
36115,Washington,NY
17109,McDonough,IL
08023,Costilla,CO
48259,Kendall,TX
13001,Appling,GA
30057,Madison,MT
56023,Lincoln,WY
01105,Perry,AL
21121,Knox,KY
28013,Calhoun,MS
18051,Gibson,IN
26109,Menominee,MI
01029,Cleburne,AL
31107,Knox,NE
48157,Fort Bend,TX
45021,Cherokee,SC
51510,Alexandria,VA
54073,Pleasants,WV
16035,Clearwater,ID
34033,Salem,NJ
28055,Issaquena,MS
48423,Smith,TX
50015,Lamoille,VT
37187,Washington,NC
48463,Uvalde,TX
38095,Towner,ND
05145,White,AR
48349,Navarro,TX
32023,Nye,NV
31009,Blaine,NE
26131,Ontonagon,MI
55135,Waupaca,WI
48285,Lavaca,TX
18041,Fayette,IN
45043,Georgetown,SC
18173,Warrick,IN
54107,Wood,WV
42047,Elk,PA
12101,Pasco,FL
13235,Pulaski,GA
36083,Rensselaer,NY
55027,Dodge,WI
04025,Yavapai,AZ
48369,Parmer,TX
37031,Carteret,NC
47143,Rhea,TN
41015,Curry,OR
27029,Clearwater,MN
47029,Cocke,TN
36061,New York,NY
26063,Huron,MI
16069,Nez Perce,ID
27015,Brown,MN
17045,Edgar,IL
19095,Iowa,IA
29053,Cooper,MO
42057,Fulton,PA
20055,Finney,KS
18007,Benton,IN
18105,Monroe,IN
19023,Butler,IA
05027,Columbia,AR
12047,Hamilton,FL
48317,Martin,TX
56011,Crook,WY
35055,Taos,NM
26161,Washtenaw,MI
26093,Livingston,MI
40105,Nowata,OK
29185,St. Clair,MO
28105,Oktibbeha,MS
48075,Childress,TX
55081,Monroe,WI
47117,Marshall,TN
36005,Bronx,NY
51161,Roanoke,VA
20089,Jewell,KS
12073,Leon,FL
23025,Somerset,ME
38001,Adams,ND
47073,Hawkins,TN
48359,Oldham,TX
39163,Vinton,OH
06019,Fresno,CA
28119,Quitman,MS
21129,Lee,KY
22035,East Carroll,LA
54101,Webster,WV
20119,Meade,KS
48443,Terrell,TX
48093,Comanche,TX
48335,Mitchell,TX
45077,Pickens,SC
13311,White,GA
13145,Harris,GA
05091,Miller,AR
29121,Macon,MO
46115,Spink,SD
37061,Duplin,NC
19053,Decatur,IA
20025,Clark,KS
16013,Blaine,ID
55101,Racine,WI
35006,Cibola,NM
48379,Rains,TX
17083,Jersey,IL
19125,Marion,IA
37001,Alamance,NC
27127,Redwood,MN
51075,Goochland,VA
40073,Kingfisher,OK
46081,Lawrence,SD
21185,Oldham,KY
29059,Dallas,MO
06005,Amador,CA
01041,Crenshaw,AL
22065,Madison,LA
26029,Charlevoix,MI
39009,Athens,OH
48055,Caldwell,TX
27007,Beltrami,MN
31097,Johnson,NE
13067,Cobb,GA
19159,Ringgold,IA
36121,Wyoming,NY
48487,Wilbarger,TX
28153,Wayne,MS
01093,Marion,AL
30019,Daniels,MT
20159,Rice,KS
02240,Southeast Fairbanks,AK
46021,Campbell,SD
17019,Champaign,IL
27063,Jackson,MN
29175,Randolph,MO
21037,Campbell,KY
08077,Mesa,CO
18143,Scott,IN
31171,Thomas,NE
27165,Watonwan,MN
19181,Warren,IA
55073,Marathon,WI
13057,Cherokee,GA
22001,Acadia,LA
48221,Hood,TX
51640,Galax,VA
12007,Bradford,FL
37079,Greene,NC
05081,Little River,AR
29167,Polk,MO
54043,Lincoln,WV
47181,Wayne,TN
48413,Schleicher,TX
06083,Santa Barbara,CA
47053,Gibson,TN
40051,Grady,OK
38065,Oliver,ND
30083,Richland,MT
08087,Morgan,CO
33015,Rockingham,NH
13121,Fulton,GA
42111,Somerset,PA
35033,Mora,NM
29019,Boone,MO
01115,St. Clair,AL
53071,Walla Walla,WA
09180,Southeastern Connecticut,CT
27093,Meeker,MN
37143,Perquimans,NC
02105,Hoonah-Angoon,AK
36091,Saratoga,NY
34005,Burlington,NJ
51065,Fluvanna,VA
46051,Grant,SD
48017,Bailey,TX
21211,Shelby,KY
08031,Denver,CO
25027,Worcester,MA
36035,Fulton,NY
01059,Franklin,AL
51017,Bath,VA
38031,Foster,ND
40091,McIntosh,OK
41025,Harney,OR
06059,Orange,CA
29009,Barry,MO
51810,Virginia Beach,VA
41055,Sherman,OR
28025,Clay,MS
13175,Laurens,GA
20069,Gray,KS
48183,Gregg,TX
37109,Lincoln,NC
13211,Morgan,GA
05105,Perry,AR
28125,Sharkey,MS
26139,Ottawa,MI
18115,Ohio,IN
31017,Brown,NE
49033,Rich,UT
45013,Beaufort,SC
31117,McPherson,NE
38071,Ramsey,ND
18181,White,IN
39121,Noble,OH
55055,Jefferson,WI
35027,Lincoln,NM
05135,Sharp,AR
28095,Monroe,MS
39091,Logan,OH
16077,Power,ID
27115,Pine,MN
54007,Braxton,WV
13111,Fannin,GA
37039,Cherokee,NC
49009,Daggett,UT
21091,Hancock,KY
51153,Prince William,VA
30065,Musselshell,MT
11001,District of Columbia,DC
47079,Henry,TN
12109,St. Johns,FL
42027,Centre,PA
48251,Johnson,TX
28031,Covington,MS
47043,Dickson,TN
41053,Polk,OR
17053,Ford,IL
27037,Dakota,MN
06049,Modoc,CA
17099,LaSalle,IL
08015,Chaffee,CO
51121,Montgomery,VA
31053,Dodge,NE
13195,Madison,GA
22043,Grant,LA
19087,Henry,IA
36057,Montgomery,NY
36069,Ontario,NY
39155,Trumbull,OH
04017,Navajo,AZ
06103,Tehama,CA
35059,Union,NM
51600,Fairfax,VA
37173,Swain,NC
05019,Clark,AR
13255,Spalding,GA
22073,Ouachita,LA
20095,Kingman,KS
42091,Montgomery,PA
27135,Roseau,MN
21051,Clay,KY
12055,Highlands,FL
16043,Fremont,ID
42017,Bucks,PA
31043,Dakota,NE
48031,Blanco,TX
38085,Sioux,ND
37137,Pamlico,NC
48061,Cameron,TX
19031,Cedar,IA
02164,Lake and Peninsula,AK
55089,Ozaukee,WI
29195,Saline,MO
12065,Jefferson,FL
45035,Dorchester,SC
20153,Rawlins,KS
48507,Zavala,TX
23009,Hancock,ME
26101,Manistee,MI
39057,Greene,OH
21113,Jessamine,KY
19061,Dubuque,IA
38051,McIntosh,ND
20031,Coffey,KS
13185,Lowndes,GA
17011,Bureau,IL
47157,Shelby,TN
20183,Smith,KS
18135,Randolph,IN
53021,Franklin,WA
05071,Johnson,AR
36027,Dutchess,NY
39027,Clinton,OH
22109,Terrebonne,LA
13017,Ben Hill,GA
17181,Union,IL
46009,Bon Homme,SD
47015,Cannon,TN
37073,Gates,NC
55041,Forest,WI
27123,Ramsey,MN
08069,Larimer,CO
48187,Guadalupe,TX
51025,Brunswick,VA
42071,Lancaster,PA
51083,Halifax,VA
24043,Washington,MD
01123,Tallapoosa,AL
17075,Iroquois,IL
37009,Ashe,NC
19173,Taylor,IA
17191,Wayne,IL
40115,Ottawa,OK
18071,Jackson,IN
06069,San Benito,CA
28089,Madison,MS
47107,McMinn,TN
08095,Phillips,CO
50005,Caledonia,VT
20133,Neosho,KS
19151,Pocahontas,IA
36113,Warren,NY
47187,Williamson,TN
34041,Warren,NJ
21155,Marion,KY
54087,Roane,WV
48011,Armstrong,TX
13131,Grady,GA
22009,Avoyelles,LA
05041,Desha,AR
30045,Judith Basin,MT
46123,Tripp,SD
18151,Steuben,IN
46017,Buffalo,SD
53051,Pend Oreille,WA
27157,Wabasha,MN
48497,Wise,TX
13015,Bartow,GA
29083,Henry,MO
40009,Beckham,OK
02195,Petersburg,AK
27071,Koochiching,MN
05043,Drew,AR
17127,Massac,IL
38021,Dickey,ND
21007,Ballard,KY
41065,Wasco,OR
13047,Catoosa,GA
27059,Isanti,MN
20197,Wabaunsee,KS
49043,Summit,UT
42081,Lycoming,PA
48229,Hudspeth,TX
28061,Jasper,MS
05009,Boone,AR
39117,Morrow,OH
48453,Travis,TX
06113,Yolo,CA
28005,Amite,MS
37103,Jones,NC
13081,Crisp,GA
24015,Cecil,MD
49053,Washington,UT
53023,Garfield,WA
01003,Baldwin,AL
30001,Beaverhead,MT
21219,Todd,KY
31083,Harlan,NE
26019,Benzie,MI
08039,Elbert,CO
19117,Lucas,IA
46059,Hand,SD
08093,Park,CO
40043,Dewey,OK
29073,Gasconade,MO
13241,Rabun,GA
13281,Towns,GA
09140,Naugatuck Valley,CT
02068,Denali,AK
48389,Reeves,TX
40145,Wagoner,OK
31081,Hamilton,NE
06039,Madera,CA
48123,DeWitt,TX
53057,Skagit,WA
12117,Seminole,FL
51133,Northumberland,VA
37167,Stanly,NC
29159,Pettis,MO
48477,Washington,TX
36067,Onondaga,NY
53001,Adams,WA
08123,Weld,CO
30103,Treasure,MT
21159,Martin,KY
30009,Carbon,MT
51580,Covington,VA
38039,Griggs,ND
55097,Portage,WI
54037,Jefferson,WV
24025,Harford,MD
06093,Siskiyou,CA
13129,Gordon,GA
01013,Butler,AL
20061,Geary,KS
08007,Archuleta,CO
01121,Talladega,AL
05011,Bradley,AR
13251,Screven,GA
20105,Lincoln,KS
13103,Effingham,GA
51187,Warren,VA
40143,Tulsa,OK
17163,St. Clair,IL
47087,Jackson,TN
08049,Grand,CO
13285,Troup,GA
31071,Garfield,NE
48099,Coryell,TX
48243,Jeff Davis,TX
28071,Lafayette,MS
17129,Menard,IL
13319,Wilkinson,GA
19005,Allamakee,IA
20071,Greeley,KS
02170,Matanuska-Susitna,AK
26147,St. Clair,MI
06029,Kern,CA
24011,Caroline,MD
46003,Aurora,SD
40063,Hughes,OK
22077,Pointe Coupee,LA
18125,Pike,IN
39147,Seneca,OH
19039,Clarke,IA
27045,Fillmore,MN
12119,Sumter,FL
39005,Ashland,OH
28135,Tallahatchie,MS
37047,Columbus,NC
31105,Kimball,NE
39097,Madison,OH
34015,Gloucester,NJ
48427,Starr,TX
06067,Sacramento,CA
12089,Nassau,FL
26157,Tuscola,MI
13295,Walker,GA
41045,Malheur,OR
42101,Philadelphia,PA
42123,Warren,PA
55013,Burnett,WI
48233,Hutchinson,TX
04011,Greenlee,AZ
39077,Huron,OH
21145,McCracken,KY
31161,Sheridan,NE
47133,Overton,TN
48193,Hamilton,TX
49025,Kane,UT
48271,Kinney,TX
33005,Cheshire,NH
51177,Spotsylvania,VA
18031,Decatur,IN
36077,Otsego,NY
46039,Deuel,SD
39033,Crawford,OH
48499,Wood,TX
38017,Cass,ND
30073,Pondera,MT
21105,Hickman,KY
31149,Rock,NE
19015,Boone,IA
54089,Summers,WV
21125,Laurel,KY
22097,St. Landry,LA
26083,Keweenaw,MI
47023,Chester,TN
48297,Live Oak,TX
48129,Donley,TX
12027,DeSoto,FL
48363,Palo Pinto,TX
42037,Columbia,PA
46093,Meade,SD
27143,Sibley,MN
37017,Bladen,NC
31135,Perkins,NE
20041,Dickinson,KS
20135,Ness,KS
25009,Essex,MA
20009,Barton,KS
18095,Madison,IN
21193,Perry,KY
48153,Floyd,TX
46135,Yankton,SD
48419,Shelby,TX
48143,Erath,TX
19069,Franklin,IA
27055,Houston,MN
48071,Chambers,TX
49055,Wayne,UT
42007,Beaver,PA
21053,Clinton,KY
18159,Tipton,IN
21095,Harlan,KY
20125,Montgomery,KS
48033,Borden,TX
29069,Dunklin,MO
27079,Le Sueur,MN
29189,St. Louis,MO
42063,Indiana,PA
26045,Eaton,MI
08113,San Miguel,CO
08029,Delta,CO
22017,Caddo,LA
19143,Osceola,IA
12057,Hillsborough,FL
53031,Jefferson,WA
29171,Putnam,MO
22119,Webster,LA
01057,Fayette,AL
31041,Custer,NE
40001,Adair,OK
01077,Lauderdale,AL
24047,Worcester,MD
17003,Alexander,IL
40029,Coal,OK
05097,Montgomery,AR
54059,Mingo,WV
29035,Carter,MO
32005,Douglas,NV
19059,Dickinson,IA
16017,Bonner,ID
31021,Burt,NE
13007,Baker,GA
29005,Atchison,MO
08103,Rio Blanco,CO
02050,Bethel,AK
13073,Columbia,GA
55043,Grant,WI
06011,Colusa,CA
13037,Calhoun,GA
17193,White,IL
17067,Hancock,IL
51690,Martinsville,VA
48163,Frio,TX
13083,Dade,GA
56029,Park,WY
35051,Sierra,NM
08059,Jefferson,CO
53065,Stevens,WA
18179,Wells,IN
01043,Cullman,AL
30039,Granite,MT
40035,Craig,OK
27109,Olmsted,MN
05051,Garland,AR
38081,Sargent,ND
05107,Phillips,AR
19049,Dallas,IA
39175,Wyandot,OH
51145,Powhatan,VA
46102,Oglala Lakota,SD
18061,Harrison,IN
48007,Aransas,TX
46067,Hutchinson,SD
01067,Henry,AL
53009,Clallam,WA
26011,Arenac,MI
38047,Logan,ND
36107,Tioga,NY
29151,Osage,MO
02230,Skagway,AK
28041,Greene,MS
20053,Ellsworth,KS
13159,Jasper,GA
47031,Coffee,TN
47069,Hardeman,TN
37093,Hoke,NC
06085,Santa Clara,CA
47007,Bledsoe,TN
19113,Linn,IA
48469,Victoria,TX
16027,Canyon,ID
13193,Macon,GA
51107,Loudoun,VA
21075,Fulton,KY
08014,Broomfield,CO
36015,Chemung,NY
30005,Blaine,MT
06021,Glenn,CA
12081,Manatee,FL
27099,Mower,MN
48207,Haskell,TX
47095,Lake,TN
01131,Wilcox,AL
48291,Liberty,TX
37057,Davidson,NC
17057,Fulton,IL
37153,Richmond,NC
55083,Oconto,WI
48081,Coke,TX
19177,Van Buren,IA
19123,Mahaska,IA
48277,Lamar,TX
29141,Morgan,MO
45029,Colleton,SC
51011,Appomattox,VA
13095,Dougherty,GA
50027,Windsor,VT
56035,Sublette,WY
48169,Garza,TX
55035,Eau Claire,WI
04001,Apache,AZ
12015,Charlotte,FL
22127,Winn,LA
51105,Lee,VA
37119,Mecklenburg,NC
36117,Wayne,NY
26127,Oceana,MI
17137,Morgan,IL
31063,Frontier,NE
28109,Pearl River,MS
39047,Fayette,OH
35041,Roosevelt,NM
30049,Lewis and Clark,MT
16061,Lewis,ID
40135,Sequoyah,OK
13271,Telfair,GA
19079,Hamilton,IA
19197,Wright,IA
40093,Major,OK
22089,St. Charles,LA
13147,Hart,GA
36013,Chautauqua,NY
34023,Middlesex,NJ
40097,Mayes,OK
13213,Murray,GA
24033,Prince George's,MD
31001,Adams,NE
21169,Metcalfe,KY
21065,Estill,KY
45019,Charleston,SC
41007,Clatsop,OR
18117,Orange,IN
54071,Pendleton,WV
55005,Barron,WI
45055,Kershaw,SC
17171,Scott,IL
24001,Allegany,MD
41003,Benton,OR
28009,Benton,MS
48045,Briscoe,TX
45053,Jasper,SC
41037,Lake,OR
44001,Bristol,RI
15007,Kauai,HI
22027,Claiborne,LA
47125,Montgomery,TN
26097,Mackinac,MI
48435,Sutton,TX
30069,Petroleum,MT
27153,Todd,MN
39135,Preble,OH
26117,Montcalm,MI
18023,Clinton,IN
13137,Habersham,GA
54081,Raleigh,WV
31169,Thayer,NE
37037,Chatham,NC
19103,Johnson,IA
12005,Bay,FL
29177,Ray,MO
20169,Saline,KS
48491,Williamson,TX
21035,Calloway,KY
48257,Kaufman,TX
08079,Mineral,CO
06075,San Francisco,CA
21223,Trimble,KY
27173,Yellow Medicine,MN
27089,Marshall,MN
41071,Yamhill,OR
27069,Kittson,MN
37089,Henderson,NC
13265,Taliaferro,GA
55113,Sawyer,WI
29217,Vernon,MO
18087,LaGrange,IN
42109,Snyder,PA
16051,Jefferson,ID
17201,Winnebago,IL
21189,Owsley,KY
47137,Pickett,TN
26003,Alger,MI
29113,Lincoln,MO
37183,Wake,NC
19167,Sioux,IA
40049,Garvin,OK
51037,Charlotte,VA
22057,Lafourche,LA
39141,Ross,OH
32029,Storey,NV
47171,Unicoi,TN
39111,Monroe,OH
26075,Jackson,MI
36043,Herkimer,NY
33013,Merrimack,NH
26053,Gogebic,MI
56005,Campbell,WY
51770,Roanoke,VA
53073,Whatcom,WA
09190,Western Connecticut,CT
46029,Codington,SD
17107,Logan,IL
48105,Crockett,TX
20117,Marshall,KS
49047,Uintah,UT
29099,Jefferson,MO
34037,Sussex,NJ
21045,Casey,KY
21139,Livingston,KY
37123,Montgomery,NC
48323,Maverick,TX
35013,DoÃ±a Ana,NM
05089,Marion,AR
21233,Webster,KY
17037,DeKalb,IL
51157,Rappahannock,VA
51041,Chesterfield,VA
27025,Chisago,MN
45083,Spartanburg,SC
27119,Polk,MN
53039,Klickitat,WA
22013,Bienville,LA
48371,Pecos,TX
37157,Rockingham,NC
25017,Middlesex,MA
36053,Madison,NY
18053,Grant,IN
20181,Sherman,KS
13029,Bryan,GA
48337,Montague,TX
29027,Callaway,MO
01019,Cherokee,AL
29207,Stoddard,MO
48341,Moore,TX
28045,Hancock,MS
21203,Rockcastle,KY
06003,Alpine,CA
47159,Smith,TN
55107,Rusk,WI
31033,Cheyenne,NE
29111,Lewis,MO
21023,Bracken,KY
12133,Washington,FL
36097,Schuyler,NY
48405,San Augustine,TX
48213,Henderson,TX
01107,Pickens,AL
22047,Iberville,LA
48401,Rusk,TX
31127,Nemaha,NE
12071,Lee,FL
51077,Grayson,VA
48025,Bee,TX
08021,Conejos,CO
05115,Pope,AR
55141,Wood,WI
55061,Kewaunee,WI
16081,Teton,ID
21089,Greenup,KY
05059,Hot Spring,AR
19157,Poweshiek,IA
17027,Clinton,IL
32013,Humboldt,NV
18169,Wabash,IN
48227,Howard,TX
13065,Clinch,GA
22007,Assumption,LA
42045,Delaware,PA
13225,Peach,GA
54017,Doddridge,WV
20199,Wallace,KS
55025,Dane,WI
55078,Menominee,WI
54051,Marshall,WV
19133,Monona,IA
27163,Washington,MN
04023,Santa Cruz,AZ
12013,Calhoun,FL
29165,Platte,MO
13167,Johnson,GA
47061,Grundy,TN
29017,Bollinger,MO
49041,Sevier,UT
31055,Douglas,NE
19187,Webster,IA
27027,Clay,MN
22091,St. Helena,LA
56043,Washakie,WY
51115,Mathews,VA
21067,Fayette,KY
21175,Morgan,KY
38063,Nelson,ND
13201,Miller,GA
27091,Martin,MN
05025,Cleveland,AR
37145,Person,NC
37101,Johnston,NC
06077,San Joaquin,CA
31007,Banner,NE
54015,Clay,WV
45011,Barnwell,SC
12037,Franklin,FL
26119,Montmorency,MI
20087,Jefferson,KS
02100,Haines,AK
16003,Adams,ID
18109,Morgan,IN
48073,Cherokee,TX
51019,Bedford,VA
23007,Franklin,ME
55091,Pepin,WI
31167,Stanton,NE
06013,Contra Costa,CA
28117,Prentiss,MS
13301,Warren,GA
17145,Perry,IL
51097,King and Queen,VA
20023,Cheyenne,KS
17179,Tazewell,IL
46111,Sanborn,SD
21161,Mason,KY
13177,Lee,GA
28043,Grenada,MS
42133,York,PA
54035,Jackson,WV
47051,Franklin,TN
39071,Highland,OH
17091,Kankakee,IL
28023,Clarke,MS
39017,Butler,OH
40127,Pushmataha,OK
41061,Union,OR
13279,Toombs,GA
36025,Delaware,NY
17081,Jefferson,IL
29201,Scott,MO
31089,Holt,NE
13205,Mitchell,GA
48177,Gonzales,TX
54079,Putnam,WV
37091,Hertford,NC
35025,Lea,NM
34031,Passaic,NJ
40079,Le Flore,OK
24041,Talbot,MD
45063,Lexington,SC
39127,Perry,OH
38093,Stutsman,ND
28087,Lowndes,MS
48053,Burnet,TX
21043,Carter,KY
24027,Howard,MD
16075,Payette,ID
39081,Jefferson,OH
48283,La Salle,TX
36119,Westchester,NY
30089,Sanders,MT
30025,Fallon,MT
53049,Pacific,WA
47085,Humphreys,TN
48249,Jim Wells,TX
17165,Saline,IL
20161,Riley,KS
44009,Washington,RI
22081,Red River,LA
13321,Worth,GA
31177,Washington,NE
06051,Mono,CA
18015,Carroll,IN
49007,Carbon,UT
02290,Yukon-Koyukuk,AK
28033,DeSoto,MS
17051,Fayette,IL
19093,Ida,IA
35053,Socorro,NM
53029,Island,WA
27017,Carlton,MN
42079,Luzerne,PA
47149,Rutherford,TN
13009,Baldwin,GA
21239,Woodford,KY
17101,Lawrence,IL
34001,Atlantic,NJ
26061,Houghton,MI
21005,Anderson,KY
47041,DeKalb,TN
51670,Hopewell,VA
39161,Van Wert,OH
29209,Stone,MO
21209,Scott,KY
20191,Sumner,KS
18005,Bartholomew,IN
13257,Stephens,GA
22071,Orleans,LA
28151,Washington,MS
26033,Chippewa,MI
47179,Washington,TN
48023,Baylor,TX
48147,Fannin,TX
26129,Ogemaw,MI
56013,Fremont,WY
48315,Marion,TX
28097,Montgomery,MS
46049,Faulk,SD
18079,Jennings,IN
42117,Tioga,PA
29091,Howell,MO
29109,Lawrence,MO
51031,Campbell,VA
28107,Panola,MS
27133,Rock,MN
47115,Marion,TN
51049,Cumberland,VA
55023,Crawford,WI
26067,Ionia,MI
40041,Delaware,OK
51167,Russell,VA
36003,Allegany,NY
25025,Suffolk,MA
22033,East Baton Rouge,LA
17115,Macon,IL
31025,Cass,NE
37165,Scotland,NC
29135,Moniteau,MO
51063,Floyd,VA
41067,Washington,OR
45075,Orangeburg,SC
23027,Waldo,ME
37081,Guilford,NC
48113,Dallas,TX
47071,Hardin,TN
21131,Leslie,KY
21111,Jefferson,KY
13139,Hall,GA
20189,Stevens,KS
05123,St. Francis,AR
20043,Doniphan,KS
47151,Scott,TN
38029,Emmons,ND
47135,Perry,TN
18045,Fountain,IN
48083,Coleman,TX
35005,Chaves,NM
48465,Val Verde,TX
01027,Clay,AL
37111,McDowell,NC
05035,Crittenden,AR
37185,Warren,NC
21015,Boone,KY
36045,Jefferson,NY
50013,Grand Isle,VT
36089,St. Lawrence,NY
55133,Waukesha,WI
16033,Clark,ID
28053,Humphreys,MS
51085,Hanover,VA
48485,Wichita,TX
39015,Brown,OH
47105,Loudon,TN
29510,St. Louis,MO
48347,Nacogdoches,TX
12045,Gulf,FL
26027,Cass,MI
31119,Madison,NE
55033,Dunn,WI
31129,Nuckolls,NE
55121,Trempealeau,WI
37175,Transylvania,NC
01083,Limestone,AL
18161,Union,IN
55053,Jackson,WI
54025,Greenbrier,WV
42053,Forest,PA
40015,Caddo,OK
12099,Palm Beach,FL
55071,Manitowoc,WI
13233,Polk,GA
17017,Cass,IL
32021,Mineral,NV
27155,Traverse,MN
30055,McCone,MT
46015,Brule,SD
29081,Harrison,MO
05045,Faulkner,AR
27035,Crow Wing,MN
48219,Hockley,TX
48451,Tom Green,TX
48475,Ward,TX
28063,Jefferson,MS
02066,Copper River,AK
36055,Monroe,NY
05033,Crawford,AR
06101,Sutter,CA
37199,Yancey,NC
49021,Iron,UT
27005,Becker,MN
04015,Mohave,AZ
06115,Yuba,CA
51610,Falls Church,VA
24017,Charles,MD
19003,Adams,IA
01005,Barbour,AL
40141,Tillman,OK
35031,McKinley,NM
21183,Ohio,KY
20097,Kiowa,KS
26017,Bay,MI
08041,El Paso,CO
48357,Ochiltree,TX
48043,Brewster,TX
17073,Henry,IL
34007,Camden,NJ
12079,Madison,FL
40151,Woods,OK
19029,Cass,IA
06037,Los Angeles,CA
38103,Wells,ND
13243,Randolph,GA
09130,Lower Connecticut River Valley,CT
31079,Hall,NE
51131,Northampton,VA
20063,Gove,KS
13309,Wheeler,GA
29157,Perry,MO
17121,Marion,IL
39025,Clermont,OH
18133,Putnam,IN
31113,Logan,NE
36033,Franklin,NY
21119,Knott,KY
39063,Hancock,OH
48449,Titus,TX
22111,Union,LA
53019,Ferry,WA
26107,Mecosta,MI
46079,Lake,SD
13019,Berrien,GA
21081,Grant,KY
46011,Brookings,SD
28127,Simpson,MS
16011,Bingham,ID
21153,Magoffin,KY
23017,Oxford,ME
17155,Putnam,IL
51199,York,VA
47021,Cheatham,TN
46091,Marshall,SD
49031,Piute,UT
31015,Boyd,NE
39089,Licking,OH
29061,Daviess,MO
41023,Grant,OR
21063,Elliott,KY
37007,Anson,NC
22105,Tangipahoa,LA
48241,Jasper,TX
40113,Osage,OK
30033,Garfield,MT
54005,Boone,WV
13287,Turner,GA
48185,Grimes,TX
20127,Morris,KS
48275,Knox,TX
08105,Rio Grande,CO
23013,Knox,ME
18149,Starke,IN
19007,Appanoose,IA
16067,Minidoka,ID
45041,Florence,SC
38009,Bottineau,ND
46121,Todd,SD
48009,Archer,TX
08037,Eagle,CO
17131,Mercer,IL
18039,Elkhart,IN
19195,Worth,IA
31153,Sarpy,NE
20073,Greenwood,KS
51185,Tazewell,VA
39153,Summit,OH
41051,Multnomah,OR
40023,Choctaw,OK
20033,Comanche,KS
26091,Lenawee,MI
37029,Camden,NC
51685,Manassas Park,VA
22041,Franklin,LA
48411,San Saba,TX
30097,Sweet Grass,MT
13049,Charlton,GA
38019,Cavalier,ND
20151,Pratt,KS
18103,Miami,IN
31143,Polk,NE
29051,Cole,MO
26037,Clinton,MI
17043,DuPage,IL
32033,White Pine,NV
46101,Moody,SD
56021,Laramie,WY
13075,Cook,GA
48307,McCulloch,TX
40087,McClain,OK
13253,Seminole,GA
22063,Livingston,LA
32011,Eureka,NV
42093,Montour,PA
13085,Dawson,GA
46057,Hamlin,SD
51175,Southampton,VA
31049,Deuel,NE
31085,Hayes,NE
37135,Orange,NC
48063,Camp,TX
21217,Taylor,KY
42015,Bradford,PA
42059,Greene,PA
38083,Sheridan,ND
40033,Cotton,OK
54099,Wayne,WV
48121,Denton,TX
48387,Red River,TX
48155,Foard,TX
25001,Barnstable,MA
19067,Floyd,IA
05109,Pike,AR
28161,Yalobusha,MS
01065,Hale,AL
01069,Houston,AL
26081,Kent,MI
05073,Lafayette,AR
55063,La Crosse,WI
48091,Comal,TX
31183,Wheeler,NE
51730,Petersburg,VA
29127,Marion,MO
37071,Gaston,NC
01091,Marengo,AL
19131,Mitchell,IA
05099,Nevada,AR
18093,Lawrence,IN
08067,La Plata,CO
01129,Washington,AL
38073,Ransom,ND
26137,Otsego,MI
29223,Wayne,MO
48421,Sherman,TX
16041,Franklin,ID
05137,Stone,AR
17185,Wabash,IL
08101,Pueblo,CO
55125,Vilas,WI
01035,Conecuh,AL
13113,Fayette,GA
51155,Pulaski,VA
27117,Pipestone,MN
47189,Wilson,TN
05075,Lawrence,AR
46027,Clay,SD
48265,Kerr,TX
30063,Missoula,MT
12107,Putnam,FL
18069,Huntington,IN
42029,Chester,PA
17009,Brown,IL
16063,Lincoln,ID
22079,Rapides,LA
19057,Des Moines,IA
16019,Bonneville,ID
20029,Cloud,KS
20171,Scott,KS
05129,Searcy,AR
36007,Broome,NY
55045,Green,WI
48407,San Jacinto,TX
13071,Colquitt,GA
53033,King,WA
21025,Breathitt,KY
17195,Whiteside,IL
06009,Calaveras,CA
37049,Craven,NC
13027,Brooks,GA
39007,Ashtabula,OH
51079,Greene,VA
51700,Newport News,VA
41031,Jefferson,OR
18067,Howard,IN
36109,Tompkins,NY
01045,Dale,AL
30031,Gallatin,MT
34017,Hudson,NJ
27147,Steele,MN
01089,Madison,AL
49027,Millard,UT
49023,Juab,UT
19105,Jones,IA
22021,Caldwell,LA
48001,Anderson,TX
51059,Fairfax,VA
40111,Okmulgee,OK
18147,Spencer,IN
53055,San Juan,WA
30041,Hill,MT
47119,Maury,TN
46061,Hanson,SD
55077,Marquette,WI
08081,Moffat,CO
32007,Elko,NV
30105,Valley,MT
55067,Langlade,WI
37075,Graham,NC
48299,Llano,TX
38049,McHenry,ND
47169,Trousdale,TN
48087,Collingsworth,TX
27145,Stearns,MN
18089,Lake,IN
19169,Story,IA
19071,Fremont,IA
16049,Idaho,ID
18025,Crawford,IN
16053,Jerome,ID
08091,Ouray,CO
29101,Johnson,MO
49057,Weber,UT
53075,Whitman,WA
20137,Norton,KS
28001,Adams,MS
01119,Sumter,AL
05013,Calhoun,AR
34039,Union,NJ
31091,Hooker,NE
46071,Jackson,SD
48385,Real,TX
37147,Pitt,NC
29071,Franklin,MO
50021,Rutland,VT
22019,Calcasieu,LA
08071,Las Animas,CO
06035,Lassen,CA
48343,Morris,TX
53011,Clark,WA
26047,Emmet,MI
25015,Hampshire,MA
13317,Wilkes,GA
29007,Audrain,MO
51013,Arlington,VA
08027,Custer,CO
40003,Alfalfa,OK
01055,Etowah,AL
13051,Chatham,GA
17089,Kane,IL
28051,Holmes,MS
40057,Harmon,OK
02060,Bristol Bay,AK
13005,Bacon,GA
22049,Jackson,LA
29037,Cass,MO
01025,Clarke,AL
40121,Pittsburg,OK
34021,Mercer,NJ
54061,Monongalia,WV
31027,Cedar,NE
13115,Floyd,GA
20093,Kearny,KS
55139,Winnebago,WI
12121,Suwannee,FL
01109,Pike,AL
41021,Gilliam,OR
16039,Elmore,ID
56007,Carbon,WY
38075,Renville,ND
45017,Calhoun,SC
31103,Keya Paha,NE
09150,Northeastern Connecticut,CT
42095,Northampton,PA
55007,Bayfield,WI
51147,Prince Edward,VA
26077,Kalamazoo,MI
42125,Washington,PA
27111,Otter Tail,MN
55059,Kenosha,WI
26159,Van Buren,MI
17029,Coles,IL
18177,Wayne,IN
05065,Izard,AR
48429,Stephens,TX
18029,Dearborn,IN
36071,Orange,NY
13223,Paulding,GA
30071,Phillips,MT
51683,Manassas,VA
54019,Fayette,WV
31155,Saunders,NE
21127,Lawrence,KY
21225,Union,KY
26013,Baraga,MI
38011,Bowman,ND
27033,Cottonwood,MN
01099,Monroe,AL
47025,Claiborne,TN
48471,Walker,TX
48459,Upshur,TX
13157,Jackson,GA
39021,Champaign,OH
21195,Pike,KY
12029,Dixie,FL
48365,Panola,TX
40067,Jefferson,OK
32510,Carson City,NV
21191,Pendleton,KY
06099,Stanislaus,CA
47055,Giles,TN
37011,Avery,NC
20059,Franklin,KS
48065,Carson,TX
19027,Carroll,IA
05139,Union,AR
46125,Turner,SD
26051,Gladwin,MI
18011,Boone,IN
55085,Oneida,WI
28123,Scott,MS
47089,Jefferson,TN
20115,Marion,KS
30077,Powell,MT
25011,Franklin,MA
48097,Cooke,TX
40031,Comanche,OK
45081,Saluda,SC
45003,Aiken,SC
27081,Lincoln,MN
12059,Holmes,FL
31039,Cuming,NE
13307,Webster,GA
02180,Nome,AK
05095,Monroe,AR
17151,Pope,IL
47161,Stewart,TN
18131,Pulaski,IN
20179,Sheridan,KS
17015,Carroll,IL
23031,York,ME
45057,Lancaster,SC
39069,Henry,OH
45087,Union,SC
42131,Wyoming,PA
55105,Rock,WI
47183,Weakley,TN
06001,Alameda,CA
24031,Montgomery,MD
48395,Robertson,TX
39149,Shelby,OH
20021,Cherokee,KS
13035,Butts,GA
48311,McMullen,TX
05121,Randolph,AR
19081,Hancock,IA
05003,Ashley,AR
17169,Schuyler,IL
48027,Bell,TX
36047,Kings,NY
28011,Bolivar,MS
26099,Macomb,MI
47097,Lauderdale,TN
06065,Riverside,CA
40037,Creek,OK
48235,Irion,TX
41039,Lane,OR
39079,Jackson,OH
08057,Jackson,CO
41009,Columbia,OR
46041,Dewey,SD
48199,Hardin,TX
46103,Pennington,SD
37005,Alleghany,NC
47127,Moore,TN
53067,Thurston,WA
18171,Warren,IN
54091,Taylor,WV
48225,Houston,TX
46119,Sully,SD
22005,Ascension,LA
29179,Reynolds,MO
35017,Grant,NM
21033,Caldwell,KY
13063,Clayton,GA
48501,Yoakum,TX
02130,Ketchikan Gateway,AK
29079,Grundy,MO
51179,Stafford,VA
21107,Hopkins,KY
18075,Jay,IN
27067,Kandiyohi,MN
39105,Meigs,OH
12111,St. Lucie,FL
42023,Cameron,PA
29211,Sullivan,MO
20201,Washington,KS
21003,Allen,KY
42077,Lehigh,PA
37083,Halifax,NC
53003,Asotin,WA
42001,Adams,PA
29015,Benton,MO
30007,Broadwater,MT
42107,Schuylkill,PA
06087,Santa Cruz,CA
55115,Shawano,WI
29115,Linn,MO
12083,Marion,FL
13127,Glynn,GA
02090,Fairbanks North Star,AK
16029,Caribou,ID
01015,Calhoun,AL
31133,Pawnee,NE
48289,Leon,TX
22059,LaSalle,LA
08001,Adams,CO
39143,Sandusky,OH
51036,Charles City,VA
33011,Hillsborough,NH
51740,Portsmouth,VA
18077,Jefferson,IN
10001,Kent,DE
51760,Richmond,VA
13245,Richmond,GA
19179,Wapello,IA
01079,Lawrence,AL
17105,Livingston,IL
21097,Harrison,KY
35007,Colfax,NM
13093,Dooly,GA
51073,Gloucester,VA
49049,Utah,UT
56037,Sweetwater,WY
04003,Cochise,AZ
17039,De Witt,IL
08115,Sedgwick,CO
22015,Bossier,LA
46031,Corson,SD
08051,Gunnison,CO
31069,Garden,NE
55037,Florence,WI
51159,Richmond,VA
06043,Mariposa,CA
29173,Ralls,MO
17005,Bond,IL
51103,Lancaster,VA
27121,Pope,MN
28073,Lamar,MS
40129,Roger Mills,OK
37155,Robeson,NC
26149,St. Joseph,MI
19145,Page,IA
39041,Delaware,OH
22121,West Baton Rouge,LA
20001,Allen,KS
31023,Butler,NE
40095,Marshall,OK
13179,Liberty,GA
51007,Amelia,VA
19041,Clay,IA
40099,Murray,OK
12131,Walton,FL
36095,Schoharie,NY
28137,Tate,MS
13215,Muscogee,GA
38067,Pembina,ND
50011,Franklin,VT
21171,Monroe,KY
48215,Hidalgo,TX
17069,Hardin,IL
48437,Swisher,TX
18119,Owen,IN
27047,Freeborn,MN
48161,Freestone,TX
48171,Gillespie,TX
54069,Ohio,WV
12049,Hardee,FL
56027,Niobrara,WY
19135,Monroe,IA
12091,Okaloosa,FL
55015,Calumet,WI
29145,Newton,MO
15009,Maui,HI
44003,Kent,RI
39169,Wayne,OH
13297,Walton,GA
45051,Horry,SC
48201,Harris,TX
19051,Davis,IA
04012,La Paz,AZ
17025,Clay,IL
39133,Portage,OH
55051,Iron,WI
12003,Baker,FL
30061,Mineral,MT
38003,Barnes,ND
49005,Cache,UT
42043,Dauphin,PA
42031,Clarion,PA
35045,San Juan,NM
31151,Saline,NE
16083,Twin Falls,ID
05057,Hempstead,AR
19017,Bremer,IA
37035,Catawba,NC
06053,Monterey,CA
22095,St. John the Baptist,LA
18055,Greene,IN
47033,Crockett,TN
17049,Effingham,IL
48467,Van Zandt,TX
02220,Sitka,AK
08013,Boulder,CO
36065,Oneida,NY
13191,McIntosh,GA
19115,Louisa,IA
18003,Allen,IN
13267,Tattnall,GA
01133,Winston,AL
54083,Randolph,WV
06107,Tulare,CA
46095,Mellette,SD
51590,Danville,VA
36017,Chenango,NY
27019,Carver,MN
49015,Emery,UT
48137,Edwards,TX
21069,Fleming,KY
20011,Bourbon,KS
54027,Hampshire,WV
22069,Natchitoches,LA
20149,Pottawatomie,KS
51109,Louisa,VA
17059,Gallatin,IL
20051,Ellis,KS
27057,Hubbard,MN
29143,New Madrid,MO
18141,St. Joseph,IN
48035,Bosque,TX
28115,Pontotoc,MS
42087,Mifflin,PA
48245,Jefferson,TX
20107,Linn,KS
21055,Crittenden,KY
42013,Blair,PA
48279,Lamb,TX
26121,Muskegon,MI
42065,Jefferson,PA
48057,Calhoun,TX
17143,Peoria,IL
05087,Madison,AR
51630,Fredericksburg,VA
06023,Humboldt,CA
22125,West Feliciana,LA
27131,Rice,MN
47063,Hamblen,TN
53041,Lewis,WA
04021,Pinal,AZ
12017,Citrus,FL
45023,Chester,SC
51043,Clarke,VA
13149,Heard,GA
20085,Jackson,KS
21133,Letcher,KY
37121,Mitchell,NC
48373,Polk,TX
51191,Washington,VA
35043,Sandoval,NM
21235,Whitley,KY
48107,Crosby,TX
31065,Furnas,NE
20045,Douglas,KS
17177,Stephenson,IL
13269,Taylor,GA
22113,Vermilion,LA
48493,Wilson,TX
20187,Stanton,KS
39061,Hamilton,OH
46109,Roberts,SD
24009,Calvert,MD
05037,Cross,AR
36023,Cortland,NY
27161,Waseca,MN
47019,Carter,TN
37069,Franklin,NC
13021,Bibb,GA
53017,Douglas,WA
46005,Beadle,SD
28143,Tunica,MS
46013,Brown,SD
45065,McCormick,SC
48403,Sabine,TX
46077,Kingsbury,SD
29221,Washington,MO
21041,Carroll,KY
31087,Hitchcock,NE
41005,Clackamas,OR
20139,Osage,KS
40077,Latimer,OK
24039,Somerset,MD
18139,Rush,IN
19073,Greene,IA
51029,Buckingham,VA
39013,Belmont,OH
48483,Wheeler,TX
17079,Jasper,IL
21099,Hart,KY
48051,Burleson,TX
17197,Will,IL
26025,Calhoun,MI
47103,Lincoln,TN
21143,Lyon,KY
08065,Lake,CO
28085,Lincoln,MS
29087,Holt,MO
48191,Hall,TX
19155,Pottawattamie,IA
55123,Vernon,WI
39083,Knox,OH
18163,Vanderburgh,IN
30087,Rosebud,MT
40013,Bryan,OK
13135,Gwinnett,GA
19185,Wayne,IA
39039,Defiance,OH
22123,West Carroll,LA
06073,San Diego,CA
17023,Clark,IL
51660,Harrisonburg,VA
13011,Banks,GA
20193,Thomas,KS
08121,Washington,CO
42085,Mercer,PA
05047,Franklin,AR
21237,Wolfe,KY
49039,Sanpete,UT
54047,McDowell,WV
16021,Boundary,ID
33019,Sullivan,NH
48135,Ector,TX
41069,Wheeler,OR
21011,Bath,KY
48457,Tyler,TX
28065,Jefferson Davis,MS
48217,Hill,TX
38061,Mountrail,ND
08107,Routt,CO
28149,Warren,MS
56045,Weston,WY
48021,Bastrop,TX
39113,Montgomery,OH
06079,San Luis Obispo,CA
01007,Bibb,AL
31141,Platte,NE
27097,Morrison,MN
53027,Grays Harbor,WA
46055,Haakon,SD
26035,Clare,MI
53061,Snohomish,WA
29023,Butler,MO
42115,Susquehanna,PA
08043,Fremont,CO
19121,Madison,IA
21215,Spencer,KY
13237,Putnam,GA
54013,Calhoun,WV
40047,Garfield,OK
13101,Echols,GA
40149,Washita,OK
13087,Decatur,GA
06109,Tuolumne,CA
02122,Kenai Peninsula,AK
17113,McLean,IL
31077,Greeley,NE
20065,Graham,KS
05111,Poinsett,AR
48339,Montgomery,TX
37163,Sampson,NC
01071,Jackson,AL
35015,Eddy,NM
39049,Franklin,OH
51095,James City,VA
17123,Marshall,IL
47153,Sequatchie,TN
29155,Pemiscot,MO
38027,Eddy,ND
28021,Claiborne,MS
13171,Lamar,GA
21163,Meade,KY
30053,Lincoln,MT
54033,Harrison,WV
39019,Carroll,OH
18047,Franklin,IN
37113,Macon,NC
21079,Garrard,KY
41059,Umatilla,OR
13207,Monroe,GA
17157,Randolph,IL
51197,Wythe,VA
54077,Preston,WV
50019,Orleans,VT
29199,Scotland,MO
35023,Hidalgo,NM
51830,Williamsburg,VA
31013,Box Butte,NE
48179,Gray,TX
39103,Medina,OH
26143,Roscommon,MI
36087,Rockland,NY
13077,Coweta,GA
32019,Lyon,NV
22103,St. Tammany,LA
39125,Paulding,OH
24019,Dorchester,MD
24029,Kent,MD
16073,Owyhee,ID
05101,Newton,AR
13289,Twiggs,GA
20109,Logan,KS
48281,Lampasas,TX
28129,Smith,MS
54003,Berkeley,WV
19009,Audubon,IA
45001,Abbeville,SC
49013,Duchesne,UT
42051,Fayette,PA
17167,Sangamon,IL
17133,Monroe,IL
48255,Karnes,TX
47083,Houston,TN
15001,Hawaii,HI
37027,Caldwell,NC
08019,Clear Creek,CO
28035,Forrest,MS
20075,Hamilton,KS
38091,Steele,ND
12105,Polk,FL
51117,Mecklenburg,VA
47147,Robertson,TN
31057,Dundy,NE
26089,Leelanau,MI
39159,Union,OH
41049,Morrow,OR
22039,Evangeline,LA
17103,Lee,IL
06045,Mendocino,CA
13199,Meriwether,GA
47039,Decatur,TN
05001,Arkansas,AR
19043,Clayton,IA
29049,Clinton,MO
21173,Montgomery,KY
18101,Martin,IN
51620,Franklin,VA
48209,Hays,TX
37197,Yadkin,NC
55001,Adams,WI
17041,Douglas,IL
13259,Stewart,GA
48321,Matagorda,TX
40139,Texas,OK
20099,Labette,KS
27049,Goodhue,MN
12043,Glades,FL
05023,Cleburne,AR
28139,Tippah,MS
45031,Darlington,SC
22061,Lincoln,LA
51051,Dickenson,VA
21047,Christian,KY
42021,Cambria,PA
48079,Cochran,TX
48145,Falls,TX
37133,Onslow,NC
12069,Lake,FL
18111,Newton,IN
48115,Dawson,TX
16001,Ada,ID
51165,Rockingham,VA
20157,Republic,KS
13141,Hancock,GA
23005,Cumberland,ME
19065,Fayette,IA
19091,Humboldt,IA
29133,Mississippi,MO
06015,Del Norte,CA
05067,Jackson,AR
21109,Jackson,KY
51735,Poquoson,VA
47167,Tipton,TN
48085,Collin,TX
36031,Essex,NY
29125,Maries,MO
18155,Switzerland,IN
31185,York,NE
35003,Catron,NM
42105,Potter,PA
01097,Mobile,AL
13277,Tift,GA
18027,Daviess,IN
16009,Benewah,ID
21017,Bourbon,KY
33009,Grafton,NH
16055,Kootenai,ID
19129,Mills,IA
48383,Reagan,TX
17187,Warren,IL
29063,DeKalb,MO
01127,Walker,AL
51087,Henrico,VA
29229,Wright,MO
17087,Johnson,IL
37139,Pasquotank,NC
46069,Hyde,SD
21061,Edmonson,KY
08099,Prowers,CO
01037,Coosa,AL
21151,Madison,KY
55127,Walworth,WI
19163,Scott,IA
48273,Kleberg,TX
18013,Brown,IN
08073,Lincoln,CO
53047,Okanogan,WA
30023,Deer Lodge,MT
46025,Clark,SD
22083,Richland,LA
25013,Hampden,MA
05077,Lee,AR
39031,Coshocton,OH
31175,Valley,NE
27169,Winona,MN
18017,Cass,IN
55069,Lincoln,WI
40119,Payne,OK
19193,Woodbury,IA
13053,Chattahoochee,GA
20163,Rooks,KS
02282,Yakutat,AK
29163,Pike,MO
40021,Cherokee,OK
38041,Hettinger,ND
30011,Carter,MT
48127,Dimmit,TX
12011,Broward,FL
30095,Stillwater,MT
48417,Shackelford,TX
37099,Jackson,NC
20129,Morton,KS
26039,Crawford,MI
56019,Johnson,WY
18081,Johnson,IN
48309,McLennan,TX
47177,Warren,TN
27105,Nobles,MN
40085,Love,OK
48331,Milam,TX
34009,Cape May,NJ
51001,Accomack,VA
32009,Esmeralda,NV
46089,McPherson,SD
26069,Iosco,MI
55021,Columbia,WI
46047,Fall River,SD
48393,Roberts,TX
48263,Kent,TX
29093,Iron,MO
13043,Candler,GA
25023,Plymouth,MA
51061,Fauquier,VA
28163,Yazoo,MS
40055,Greer,OK
08035,Douglas,CO
21207,Russell,KY
09120,Greater Bridgeport,CT
51141,Patrick,VA
51127,New Kent,VA
51021,Bland,VA
20207,Woodson,KS
31111,Lincoln,NE
54053,Mason,WV
55065,Lafayette,WI
48447,Throckmorton,TX
01101,Montgomery,AL
21117,Kenton,KY
29029,Camden,MO
48089,Colorado,TX
02013,Aleutians East,AK
06025,Imperial,CA
17153,Pulaski,IL
39095,Lucas,OH
34029,Ocean,NJ
37191,Wayne,NC
31121,Merrick,NE
41029,Jackson,OR
47049,Fentress,TN
12097,Osceola,FL
28059,Jackson,MS
40065,Jackson,OK
35029,Luna,NM
26135,Oscoda,MI
28099,Neshoba,MS
30075,Powder River,MT
55131,Washington,WI
48329,Midland,TX
05131,Sebastian,AR
55031,Douglas,WI
51550,Chesapeake,VA
19001,Adair,IA
05141,Van Buren,AR
12019,Clay,FL
23019,Penobscot,ME
48353,Nolan,TX
41019,Douglas,OR
23015,Lincoln,ME
13107,Emanuel,GA
01033,Colbert,AL
21087,Green,KY
16065,Madison,ID
18037,Dubois,IN
13231,Pike,GA
36079,Putnam,NY
19099,Jasper,IA
34019,Hunterdon,NJ
54067,Nicholas,WV
46137,Ziebach,SD
26059,Hillsdale,MI
26005,Allegan,MI
13151,Henry,GA
45039,Fairfield,SC
42061,Huntingdon,PA
05031,Craighead,AR
37177,Tyrrell,NC
39167,Washington,OH
27003,Anoka,MN
36001,Albany,NY
32031,Washoe,NV
56015,Goshen,WY
12035,Flagler,FL
37019,Brunswick,NC
21181,Nicholas,KY
13165,Jenkins,GA
16047,Gooding,ID
31005,Arthur,NE
45009,Bamberg,SC
29107,Lafayette,MO
48355,Nueces,TX
47113,Madison,TN
20123,Mitchell,KS
48041,Brazos,TX
48149,Fayette,TX
51173,Smyth,VA
19035,Cherokee,IA
31047,Dawson,NE
38105,Williams,ND
12077,Liberty,FL
22031,De Soto,LA
29187,St. Francois,MO
26105,Mason,MI
31165,Sioux,NE
24510,Baltimore,MD
54097,Upshur,WV
55093,Pierce,WI
27041,Douglas,MN
17093,Kendall,IL
47077,Henderson,TN
25003,Berkshire,MA
45073,Oconee,SC
13315,Wilcox,GA
20035,Cowley,KS
01063,Greene,AL
48303,Lubbock,TX
39023,Clark,OH
28003,Alcorn,MS
27085,McLeod,MN
42003,Allegheny,PA
37085,Harnett,NC
51790,Staunton,VA
46097,Miner,SD
47141,Putnam,TN
18091,LaPorte,IN
29117,Livingston,MO
33001,Belknap,NH
55117,Sheboygan,WI
12031,Duval,FL
37013,Beaufort,NC
36039,Greene,NY
26049,Genesee,MI
51035,Carroll,VA
48067,Cass,TX
39137,Putnam,OH
18009,Blackford,IN
22053,Jefferson Davis,LA
56009,Converse,WY
46127,Union,SD
53077,Yakima,WA
29103,Knox,MO
37179,Union,NC
17119,Madison,IL
35009,Curry,NM
21057,Cumberland,KY
31093,Howard,NE
46033,Custer,SD
17033,Crawford,IL
48037,Bowie,TX
47163,Sullivan,TN
25005,Bristol,MA
05085,Lonoke,AR
26103,Marquette,MI
53043,Lincoln,WA
27075,Lake,MN
42067,Juniata,PA
45079,Richland,SC
17007,Boone,IL
37127,Nash,NC
51045,Craig,VA
40025,Cimarron,OK
29001,Adair,MO
37161,Rutherford,NC
45005,Allendale,SC
21115,Johnson,KY
48375,Potter,TX
29043,Christian,MO
48109,Culberson,TX
19147,Palo Alto,IA
32001,Churchill,NV
01023,Choctaw,AL
28049,Hinds,MS
29039,Cedar,MO
18057,Hamilton,IN
02063,Chugach,AK
29203,Shannon,MO
05127,Scott,AR
21199,Pulaski,KY
20177,Shawnee,KS
22051,Jefferson,LA
12129,Wakulla,FL
31029,Chase,NE
35001,Bernalillo,NM
54063,Monroe,WV
55137,Waushara,WI
51081,Greensville,VA
51800,Suffolk,VA
48397,Rockwall,TX
21027,Breckinridge,KY
48409,San Patricio,TX
31123,Morrill,NE
38077,Richland,ND
51710,Norfolk,VA
09160,Northwest Hills,CT
55047,Green Lake,WI
13117,Forsyth,GA
16037,Custer,ID
27113,Pennington,MN
16085,Valley,ID
51149,Prince George,VA
36103,Suffolk,NY
50001,Addison,VT
26079,Kalkaska,MI
17031,Cook,IL
51057,Essex,VA
05063,Independence,AR
13221,Oglethorpe,GA
54029,Hancock,WV
01087,Macon,AL
42041,Cumberland,PA
19171,Tama,IA
48119,Delta,TX
19137,Montgomery,IA
26015,Barry,MI
20203,Wichita,KS
30035,Glacier,MT
51091,Highland,VA
51111,Lunenburg,VA
37097,Iredell,NC
47011,Bradley,TN
19109,Kossuth,IA
48473,Waller,TX
28037,Franklin,MS
48173,Glasscock,TX
38043,Kidder,ND
51595,Emporia,VA
08011,Bent,CO
13155,Irwin,GA
06089,Shasta,CA
36019,Clinton,NY
56039,Teton,WY
47057,Grainger,TN
48439,Tarrant,TX
17061,Greene,IL
48203,Harrison,TX
37053,Currituck,NC
27001,Aitkin,MN
30099,Teton,MT
13125,Glascock,GA
45069,Marlboro,SC
21179,Nelson,KY
47099,Lawrence,TN
39087,Lawrence,OH
28113,Pike,MS
39001,Adams,OH
55087,Outagamie,WI
04005,Coconino,AZ
50023,Washington,VT
55039,Fond du Lac,WI
23003,Aroostook,ME
37149,Polk,NC
12085,Martin,FL
16007,Bear Lake,ID
20083,Hodgeman,KS
31059,Fillmore,NE
13305,Wayne,GA
51135,Nottoway,VA
48345,Motley,TX
29137,Monroe,MO
02185,North Slope,AK
37115,Madison,NC
13189,McDuffie,GA
06033,Lake,CA
51101,King William,VA
51015,Augusta,VA
17149,Pike,IL
35037,Quay,NM
53013,Columbia,WA
22085,Sabine,LA
39067,Harrison,OH
27011,Big Stone,MN
36009,Cattaraugus,NY
37043,Clay,NC
42129,Westmoreland,PA
20173,Sedgwick,KS
36029,Erie,NY
17183,Vermilion,IL
20027,Clay,KS
13275,Thomas,GA
40123,Pontotoc,OK
16057,Latah,ID
45059,Laurens,SC
13217,Newton,GA
30109,Wibaux,MT
28019,Choctaw,MS
41011,Coos,OR
29065,Dent,MO
45015,Berkeley,SC
18121,Parke,IN
34011,Cumberland,NJ
24045,Wicomico,MD
20003,Anderson,KS
40153,Woodward,OK
06063,Plumas,CA
22023,Cameron,LA
54009,Brooke,WV
28091,Marion,MS
47121,Meigs,TN
04013,Maricopa,AZ
40109,Oklahoma,OK
23021,Piscataquis,ME
39131,Pike,OH
21031,Butler,KY
27149,Stevens,MN
42119,Union,PA
51540,Charlottesville,VA
45049,Hampton,SC
29181,Ripley,MO
26113,Missaukee,MI
12093,Okeechobee,FL
55017,Chippewa,WI
19107,Keokuk,IA
41033,Josephine,OR
48267,Kimble,TX
28101,Newton,MS
48237,Jack,TX
36073,Orleans,NY
39053,Gallia,OH
48503,Young,TX
31157,Scotts Bluff,NE
49029,Morgan,UT
35019,Guadalupe,NM
18145,Shelby,IN
51181,Surry,VA
21227,Warren,KY
54093,Tucker,WV
38013,Burke,ND
26087,Lapeer,MI
48133,Eastland,TX
29213,Taney,MO
30093,Silver Bow,MT
47027,Clay,TN
27021,Cass,MN
16071,Oneida,ID
26041,Delta,MI
18001,Adams,IN
48367,Parker,TX
20143,Ottawa,KS
19045,Clinton,IA
53069,Wahkiakum,WA
27139,Scott,MN
48139,Ellis,TX
31131,Otoe,NE
46053,Gregory,SD
20147,Phillips,KS
13261,Sumter,GA
40069,Johnston,OK
42055,Franklin,PA
40083,Logan,OK
42075,Lebanon,PA
10003,New Castle,DE
28147,Walthall,MS
27051,Grant,MN
20013,Brown,KS
39107,Mercer,OH
18099,Marshall,IN
31037,Colfax,NE
51071,Giles,VA
30079,Prairie,MT
51067,Franklin,VA
42089,Monroe,PA
01081,Lee,AL
42011,Berks,PA
37023,Burke,NC
40005,Atoka,OK
46087,McCook,SD
48059,Callahan,TX
08117,Summit,CO
21135,Lewis,KY
48015,Austin,TX
01053,Escambia,AL
29047,Clay,MO
28157,Wilkinson,MS
20113,McPherson,KS
21213,Simpson,KY
08025,Crowley,CO
05093,Mississippi,AR
17111,McHenry,IL
12061,Indian River,FL
53035,Kitsap,WA
51005,Alleghany,VA
13003,Atkinson,GA
50009,Essex,VT
30059,Meagher,MT
05149,Yell,AR
55111,Sauk,WI
38025,Dunn,ND
31179,Wayne,NE
01111,Randolph,AL
38069,Pierce,ND
05005,Baxter,AR
17071,Henderson,IL
36049,Lewis,NY
13025,Brantley,GA
48167,Galveston,TX
05119,Pulaski,AR
47003,Bedford,TN
05055,Greene,AR
54021,Gilmer,WV
26023,Branch,MI
48481,Wharton,TX
35047,San Miguel,NM
29077,Greene,MO
39171,Williams,OH
18065,Henry,IN
13061,Clay,GA
56033,Sheridan,WY
18175,Washington,IN
18165,Vermillion,IN
48003,Andrews,TX
46105,Perkins,SD
01047,Dallas,AL
21001,Adair,KY
29147,Nodaway,MO
51680,Lynchburg,VA
40039,Custer,OK
42033,Clearfield,PA
46063,Harding,SD
55075,Marinette,WI
47035,Cumberland,TN
51750,Radford,VA
38035,Grand Forks,ND
01017,Chambers,AL
36063,Niagara,NY
02070,Dillingham,AK
21071,Floyd,KY
53005,Benton,WA
29013,Bates,MO
31067,Gage,NE
39073,Hocking,OH
46043,Douglas,SD
47091,Johnson,TN
49017,Garfield,UT
16031,Cassia,ID
49037,San Juan,UT
08089,Otero,CO
05015,Carroll,AR
01117,Shelby,AL
20049,Elk,KS
12113,Santa Rosa,FL
06097,Sonoma,CA
08003,Alamosa,CO
51193,Westmoreland,VA
46073,Jerauld,SD
38099,Walsh,ND
13091,Dodge,GA
13247,Rockdale,GA
48247,Jim Hogg,TX
34003,Bergen,NJ
06041,Marin,CA
17141,Ogle,IL
26123,Newaygo,MI
47065,Hamilton,TN
28075,Lauderdale,MS
20079,Harvey,KS
45025,Chesterfield,SC
26151,Sanilac,MI
40131,Rogers,OK
48103,Crane,TX
39043,Erie,OH
31101,Keith,NE
23029,Washington,ME
21165,Menifee,KY
13181,Lincoln,GA
45089,Williamsburg,SC
40059,Harper,OK
48313,Madison,TX
40101,Muskogee,OK
24037,St. Mary's,MD
30015,Chouteau,MT
18129,Posey,IN
08053,Hinsdale,CO
12123,Taylor,FL
41041,Lincoln,OR
29057,Dade,MO
20019,Chautauqua,KS
31011,Boone,NE
51171,Shenandoah,VA
39151,Stark,OH
39101,Marion,OH
19083,Hardin,IA
17175,Stark,IL
12051,Hendry,FL
37003,Alexander,NC
42097,Northumberland,PA
38089,Stark,ND
26153,Schoolcraft,MI
44005,Newport,RI
48431,Sterling,TX
15003,Honolulu,HI
47129,Morgan,TN
48391,Refugio,TX
28083,Leflore,MS
28079,Leake,MS
51520,Bristol,VA
48197,Hardeman,TX
38005,Benson,ND
49003,Box Elder,UT
13299,Ware,GA
38055,McLean,ND
02150,Kodiak Island,AK
21101,Henderson,KY
18035,Delaware,IN
06055,Napa,CA
22093,St. James,LA
30029,Flathead,MT
46117,Stanley,SD
19019,Buchanan,IA
08083,Montezuma,CO
48125,Dickens,TX
22003,Allen,LA
37033,Caswell,NC
38023,Divide,ND
40019,Carter,OK
51650,Hampton,VA
39157,Tuscarawas,OH
41017,Deschutes,OR
42025,Carbon,PA
22037,East Feliciana,LA
05079,Lincoln,AR
46023,Charles Mix,SD
08109,Saguache,CO
27065,Kanabec,MN
21009,Barren,KY
42083,McKean,PA
17047,Edwards,IL
30085,Roosevelt,MT
39115,Morgan,OH
18107,Montgomery,IN
29055,Crawford,MO
33017,Strafford,NH
42113,Sullivan,PA
47175,Van Buren,TN
48319,Mason,TX
13119,Franklin,GA
09170,South Central Connecticut,CT
31139,Pierce,NE
26095,Luce,MI
29186,Ste. Genevieve,MO
37131,Northampton,NC
46045,Edmunds,SD
31045,Dawes,NE
40045,Ellis,OK
48019,Bandera,TX
42019,Butler,PA
13089,DeKalb,GA
19085,Harrison,IA
13045,Carroll,GA
01073,Jefferson,AL
20155,Reno,KS
53059,Skamania,WA
20121,Miami,KS
21205,Rowan,KY
05113,Polk,AR
19089,Howard,IA
08033,Dolores,CO
05069,Jefferson,AR
25021,Norfolk,MA
41047,Marion,OR
01061,Geneva,AL
29123,Madison,MO
27159,Wadena,MN
01103,Morgan,AL
30051,Liberty,MT
19055,Delaware,IA
47185,White,TN
55103,Richland,WI
29219,Warren,MO
27129,Renville,MN
48159,Franklin,TX
51820,Waynesboro,VA
13033,Burke,GA
36093,Schenectady,NY
50017,Orange,VT
48425,Somervell,TX
19127,Marshall,IA
08055,Huerfano,CO
06007,Butte,CA
38033,Golden Valley,ND
26141,Presque Isle,MI
37189,Watauga,NC
29085,Hickory,MO
05143,Washington,AR
01039,Covington,AL
22067,Morehouse,LA
31035,Clay,NE
13069,Coffee,GA
56025,Natrona,WY
26031,Cheboygan,MI
18183,Whitley,IN
39011,Auglaize,OH
19153,Polk,IA
32017,Lincoln,NV
48489,Willacy,TX
19149,Plymouth,IA
28155,Webster,MS
12103,Pinellas,FL
48223,Hopkins,TX
17013,Calhoun,IL
55029,Door,WI
18073,Jasper,IN
16023,Butte,ID
54045,Logan,WV
08119,Teller,CO
28067,Jones,MS
36059,Nassau,NY
06047,Merced,CA
48455,Trinity,TX
49045,Tooele,UT
12009,Brevard,FL
08097,Pitkin,CO
04019,Pima,AZ
06105,Trinity,CA
06111,Ventura,CA
01009,Blount,AL
40137,Stephens,OK
05029,Conway,AR
20057,Ford,KS
19021,Buena Vista,IA
37195,Wilson,NC
05049,Fulton,AR
27095,Mille Lacs,MN
26163,Wayne,MI
12041,Gilchrist,FL
35035,Otero,NM
29021,Buchanan,MO
31003,Antelope,NE
45033,Dillon,SC
40107,Okfuskee,OK
13239,Quitman,GA
08045,Garfield,CO
12075,Levy,FL
02110,Juneau,AK
19033,Cerro Gordo,IA
06017,El Dorado,CA
48445,Terry,TX
13099,Early,GA
27039,Dodge,MN
31075,Grant,NE
39051,Fulton,OH
48095,Concho,TX
29153,Ozark,MO
48361,Orange,TX
46007,Bennett,SD
22115,Vernon,LA
20015,Butler,KS
13173,Lanier,GA
28015,Carroll,MS
21077,Gallatin,KY
18137,Ripley,IN
46107,Potter,SD
21123,Larue,KY
34027,Morris,NJ
17135,Montgomery,IL
53015,Cowlitz,WA
26111,Midland,MI
31109,Lancaster,NE
13023,Bleckley,GA
24005,Baltimore,MD
51195,Wise,VA
39093,Lorain,OH
46083,Lincoln,SD
48381,Randall,TX
36123,Yates,NY
54075,Pocahontas,WV
19075,Grundy,IA
41027,Hood River,OR
20141,Osborne,KS
17077,Jackson,IL
49035,Salt Lake,UT
28141,Tishomingo,MS
48189,Hale,TX
13291,Union,GA
21141,Logan,KY
38097,Traill,ND
17199,Williamson,IL
18043,Floyd,IN
45045,Greenville,SC
48287,Lee,TX
22101,St. Mary,LA
54105,Wirt,WV
20131,Nemaha,KS
38059,Morton,ND
27061,Itasca,MN
39037,Darke,OH
30021,Dawson,MT
02275,Wrangell,AK
48253,Jones,TX
49011,Davis,UT
19011,Benton,IA
08075,Logan,CO
48415,Scurry,TX
19191,Winneshiek,IA
31173,Thurston,NE
48049,Brown,TX
20077,Harper,KS
13055,Chattooga,GA
21197,Powell,KY
37077,Granville,NC
13013,Barrow,GA
17055,Franklin,IL
45071,Newberry,SC
19097,Jackson,IA
18059,Hancock,IN
18083,Knox,IN
26007,Alpena,MI
47145,Roane,TN
41063,Wallowa,OR
20195,Trego,KS
12021,Collier,FL
39165,Warren,OH
40053,Grant,OK
50007,Chittenden,VT
27073,Lac qui Parle,MN
13153,Houston,GA
56017,Hot Springs,WY
35061,Valencia,NM
37171,Surry,NC
22029,Concordia,LA
54065,Morgan,WV
35057,Torrance,NM
26057,Gratiot,MI
53025,Grant,WA
47001,Anderson,TN
26071,Iron,MI
16045,Gem,ID
47075,Haywood,TN
22075,Plaquemines,LA
13079,Crawford,GA
55019,Clark,WI
49051,Wasatch,UT
29095,Jackson,MO
19139,Muscatine,IA
51053,Dinwiddie,VA
48151,Fisher,TX
51163,Rockbridge,VA
27137,St. Louis,MN
47111,Macon,TN
29105,Laclede,MO
16087,Washington,ID
27125,Red Lake,MN
29197,Schuyler,MO
42039,Crawford,PA
21049,Clark,KY
13283,Treutlen,GA
37169,Stokes,NC
17095,Knox,IL
29131,Miller,MO
27083,Lyon,MN
13143,Haralson,GA
48117,Deaf Smith,TX
20037,Crawford,KS
20205,Wilson,KS
29031,Cape Girardeau,MO
37063,Durham,NC
18049,Fulton,IN
54055,Mercer,WV
19063,Emmet,IA
47155,Sevier,TN
05039,Dallas,AR
01095,Marshall,AL
01031,Coffee,AL
37067,Forsyth,NC
05103,Ouachita,AR
06027,Inyo,CA
48029,Bexar,TX
19119,Lyon,IA
31115,Loup,NE
02016,Aleutians West,AK
29227,Worth,MO
48327,Menard,TX
51089,Henry,VA
20185,Stafford,KS
01125,Tuscaloosa,AL
36101,Steuben,NY
28057,Itawamba,MS
21019,Boyd,KY
05133,Sevier,AR
26133,Osceola,MI
55057,Juneau,WI
55129,Washburn,WI
08063,Kit Carson,CO
37021,Buncombe,NC
17189,Washington,IL
47109,McNairy,TN
36111,Ulster,NY
48351,Newton,TX
13109,Evans,GA
19161,Sac,IA
29041,Chariton,MO
27167,Wilkin,MN
42049,Erie,PA
30043,Jefferson,MT
22011,Beauregard,LA
13229,Pierce,GA
46019,Butte,SD
12095,Orange,FL
17021,Christian,IL
40011,Blaine,OK
08017,Cheyenne,CO
02198,Prince of Wales-Hyder,AK
04027,Yuma,AZ
54041,Lewis,WV
27031,Cook,MN
06081,San Mateo,CA
30013,Cascade,MT
48461,Upton,TX
12001,Alachua,FL
41057,Tillamook,OR
13197,Marion,GA
48295,Lipscomb,TX
51119,Middlesex,VA
48231,Hunt,TX
19025,Calhoun,IA
27009,Benton,MN
12033,Escambia,FL
05021,Clay,AR
45007,Anderson,SC
30107,Wheatland,MT
13163,Jefferson,GA
37105,Lee,NC
27103,Nicollet,MN
20101,Lane,KS
37141,Pender,NC
48077,Clay,TX
51125,Nelson,VA
12067,Lafayette,FL
02158,Kusilvak,AK
20091,Johnson,KS
37107,Lenoir,NC
21029,Bullitt,KY
20067,Grant,KS
55095,Polk,WI
40147,Washington,OK
31163,Sherman,NE
31051,Dixon,NE
51139,Page,VA
23011,Kennebec,ME
39059,Guernsey,OH
09110,Capitol,CT
48333,Mills,TX
28121,Rankin,MS
17125,Mason,IL
54011,Cabell,WV
29161,Phelps,MO
13313,Whitfield,GA
38053,McKenzie,ND
51093,Isle of Wight,VA
51023,Botetourt,VA
47013,Campbell,TN
36037,Genesee,NY
39029,Columbiana,OH
06057,Nevada,CA
47017,Carroll,TN
29011,Barton,MO
21085,Grayson,KY
42103,Pike,PA
18153,Sullivan,IN
16015,Boise,ID
28027,Coahoma,MS
17085,Jo Daviess,IL
48181,Grayson,TX
33007,Coos,NH
37051,Cumberland,NC
18113,Noble,IN
17159,Richland,IL
47047,Fayette,TN
55009,Brown,WI
40075,Kiowa,OK
51027,Buchanan,VA
45067,Marion,SC
13209,Montgomery,GA
21187,Owen,KY
54001,Barbour,WV
40117,Pawnee,OK
24021,Frederick,MD
28093,Marshall,MS
35028,Los Alamos,NM
39123,Ottawa,OH
06071,San Bernardino,CA
39085,Lake,OH
16079,Shoshone,ID
28131,Stone,MS
54109,Wyoming,WV
47081,Hickman,TN
13219,Oconee,GA
13133,Greene,GA
21149,McLean,KY
12086,Miami-Dade,FL
18019,Clark,IN
06091,Sierra,CA
37041,Chowan,NC
53053,Pierce,WA
54085,Ritchie,WV
19183,Washington,IA
40089,McCurtain,OK
04007,Gila,AZ
48261,Kenedy,TX
21039,Carlisle,KY
28029,Copiah,MS
36081,Queens,NY
20165,Rush,KS
48495,Winkler,TX
